{
    "collection_type": "streaming",
    "collection_timestamp": 1664740350.0951767,
    "query": "iphone apple",
    "tweet_cnt": 10,
    "tweets": [
        {
            "attachments": {},
            "author_id": "166712653",
            "created_at": "2022-10-02T19:52:08.000Z",
            "edit_history_tweet_ids": [
                "1576661328072421376"
            ],
            "entities": {
                "annotations": [
                    {
                        "start": 57,
                        "end": 59,
                        "probability": 0.7387,
                        "type": "Product",
                        "normalized_text": "iOS"
                    },
                    {
                        "start": 65,
                        "end": 81,
                        "probability": 0.3054,
                        "type": "Product",
                        "normalized_text": "iPhone pro 14 max"
                    }
                ],
                "mentions": [
                    {
                        "start": 5,
                        "end": 11,
                        "username": "Apple",
                        "id": "380749300"
                    }
                ]
            },
            "id": "1576661328072421376",
            "lang": "en",
            "possibly_sensitive": false,
            "public_metrics": {
                "retweet_count": 0,
                "reply_count": 0,
                "like_count": 0,
                "quote_count": 0
            },
            "source": "Twitter for iPhone",
            "text": "Dear @Apple I\u2019ve been meaning to say the last update for iOS for iPhone pro 14 max made it annoyingly laggy in some parts. Like coming out of always on mode. Sometimes swiping up doesn\u2019t close anything. It\u2019s a mess. The beta was less buggy on my 12 pro max than this last update"
        },
        {
            "attachments": {},
            "author_id": "1690668656",
            "created_at": "2022-10-02T19:52:15.000Z",
            "edit_history_tweet_ids": [
                "1576661357717442561"
            ],
            "entities": {
                "annotations": [
                    {
                        "start": 27,
                        "end": 31,
                        "probability": 0.5139,
                        "type": "Organization",
                        "normalized_text": "Apple"
                    },
                    {
                        "start": 40,
                        "end": 45,
                        "probability": 0.9229,
                        "type": "Product",
                        "normalized_text": "iPhone"
                    }
                ],
                "mentions": [
                    {
                        "start": 3,
                        "end": 11,
                        "username": "SnazzyQ",
                        "id": "18055351"
                    }
                ]
            },
            "id": "1576661357717442561",
            "lang": "en",
            "possibly_sensitive": false,
            "public_metrics": {
                "retweet_count": 45,
                "reply_count": 0,
                "like_count": 0,
                "quote_count": 0
            },
            "referenced_tweets": [
                {
                    "type": "retweeted",
                    "id": "1576442948060737537"
                }
            ],
            "source": "Twitter for iPhone",
            "text": "RT @SnazzyQ: Remember when Apple\u2019s best iPhone had good battery life?"
        },
        {
            "attachments": {},
            "author_id": "2703784814",
            "created_at": "2022-10-02T19:52:15.000Z",
            "edit_history_tweet_ids": [
                "1576661360368156673"
            ],
            "entities": {
                "mentions": [
                    {
                        "start": 0,
                        "end": 6,
                        "username": "1G__h",
                        "id": "1497715065922981892"
                    }
                ]
            },
            "id": "1576661360368156673",
            "in_reply_to_user_id": "1497715065922981892",
            "lang": "ar",
            "possibly_sensitive": false,
            "public_metrics": {
                "retweet_count": 0,
                "reply_count": 0,
                "like_count": 0,
                "quote_count": 0
            },
            "referenced_tweets": [
                {
                    "type": "replied_to",
                    "id": "1576655018505424896"
                }
            ],
            "source": "Twitter for iPhone",
            "text": "@1G__h \u0628\u0633 \u0644\u0644\u0643\u0630\u0628 \u0639\u0645\u0631\u064a \u0645\u0627\u0641\u0632\u062a \u0645\u0639\u0627\u0643\u0645"
        },
        {
            "attachments": {},
            "author_id": "1575913654880534528",
            "created_at": "2022-10-02T19:52:17.000Z",
            "edit_history_tweet_ids": [
                "1576661368262266880"
            ],
            "entities": {
                "mentions": [
                    {
                        "start": 3,
                        "end": 9,
                        "username": "1G__h",
                        "id": "1497715065922981892"
                    }
                ]
            },
            "id": "1576661368262266880",
            "lang": "ar",
            "possibly_sensitive": false,
            "public_metrics": {
                "retweet_count": 168,
                "reply_count": 0,
                "like_count": 0,
                "quote_count": 0
            },
            "referenced_tweets": [
                {
                    "type": "retweeted",
                    "id": "1576655018505424896"
                }
            ],
            "source": "Twitter for Android",
            "text": "RT @1G__h: \u0627\u0644\u0644\u064a \u0645\u0627 \u0642\u062f \u0641\u0627\u0632 \u0647\u0630\u064a  10,000 \u0622\u0644\u0627\u0641 \u0631\u064a\u0627\u0644 \u0627\u062e\u0631\u064a\u064a\u0646 \u0648 \u0648 Apple iPhone 14  \ud83d\udcf1\ud83d\udcb8\ud83d\udcb0 \u2705\n \n\u0628\u0633 \u062a\u0627\u0628\u0639\u0646\u064a + \u0631\u064a\u062a\u0648\u064a\u062a \u0648\u0644\u0627\u064a\u0643 \u0648\u0627\u0643\u062a\u0628 \u062a\u0645 \ud83d\udc4d\u2764\ufe0f"
        },
        {
            "attachments": {},
            "author_id": "1568951949298384896",
            "created_at": "2022-10-02T19:52:17.000Z",
            "edit_history_tweet_ids": [
                "1576661368320954368"
            ],
            "entities": {
                "mentions": [
                    {
                        "start": 0,
                        "end": 15,
                        "username": "MERiAM_AL3TEEB",
                        "id": "1574871441639628802"
                    }
                ]
            },
            "id": "1576661368320954368",
            "in_reply_to_user_id": "1574871441639628802",
            "lang": "ar",
            "possibly_sensitive": false,
            "public_metrics": {
                "retweet_count": 0,
                "reply_count": 0,
                "like_count": 0,
                "quote_count": 0
            },
            "referenced_tweets": [
                {
                    "type": "replied_to",
                    "id": "1576653727691251712"
                }
            ],
            "source": "Twitter for Android",
            "text": "@MERiAM_AL3TEEB \u0627\u0644\u0631\u062d\u0645\u0646"
        },
        {
            "attachments": {},
            "author_id": "2703784814",
            "created_at": "2022-10-02T19:52:19.000Z",
            "edit_history_tweet_ids": [
                "1576661376482713600"
            ],
            "entities": {
                "mentions": [
                    {
                        "start": 3,
                        "end": 9,
                        "username": "1G__h",
                        "id": "1497715065922981892"
                    }
                ]
            },
            "id": "1576661376482713600",
            "lang": "ar",
            "possibly_sensitive": false,
            "public_metrics": {
                "retweet_count": 169,
                "reply_count": 0,
                "like_count": 0,
                "quote_count": 0
            },
            "referenced_tweets": [
                {
                    "type": "retweeted",
                    "id": "1576655018505424896"
                }
            ],
            "source": "Twitter for iPhone",
            "text": "RT @1G__h: \u0627\u0644\u0644\u064a \u0645\u0627 \u0642\u062f \u0641\u0627\u0632 \u0647\u0630\u064a  10,000 \u0622\u0644\u0627\u0641 \u0631\u064a\u0627\u0644 \u0627\u062e\u0631\u064a\u064a\u0646 \u0648 \u0648 Apple iPhone 14  \ud83d\udcf1\ud83d\udcb8\ud83d\udcb0 \u2705\n \n\u0628\u0633 \u062a\u0627\u0628\u0639\u0646\u064a + \u0631\u064a\u062a\u0648\u064a\u062a \u0648\u0644\u0627\u064a\u0643 \u0648\u0627\u0643\u062a\u0628 \u062a\u0645 \ud83d\udc4d\u2764\ufe0f"
        },
        {
            "attachments": {},
            "author_id": "1568951949298384896",
            "created_at": "2022-10-02T19:52:22.000Z",
            "edit_history_tweet_ids": [
                "1576661387069120512"
            ],
            "entities": {
                "mentions": [
                    {
                        "start": 3,
                        "end": 18,
                        "username": "MERiAM_AL3TEEB",
                        "id": "1574871441639628802"
                    }
                ]
            },
            "id": "1576661387069120512",
            "lang": "ar",
            "possibly_sensitive": false,
            "public_metrics": {
                "retweet_count": 50,
                "reply_count": 0,
                "like_count": 0,
                "quote_count": 0
            },
            "referenced_tweets": [
                {
                    "type": "retweeted",
                    "id": "1576653727691251712"
                }
            ],
            "source": "Twitter for Android",
            "text": "RT @MERiAM_AL3TEEB: \u0645\u0633\u0627\u0628\u0642\u0627\u062a \u0644\u062c\u0645\u064a\u0639 \u0627\u0644\u0639\u0627\u0644\u0645\ud83d\udc47\n\u0644\u0643\u0644 \u0627\u0644\u064a \u0645\u0627\u0641\u0627\u0632\ud83c\udf81\u0645\u0639\u0646\u0627 \u0628\u062c\u0648\u0627\u0644\ud83d\udcf1( Apple iPhone 14 Pro)\n\u0645\u0628\u0627\u0644\u063a\ud83d\udcb0\u0645\u0627\u0644\u064a\u0647\ud83d\udcb5\n\u0633\u064a\u0627\u0631\u0627\u062a \u0627\u0646\u0648\u0627\u0639 \u0644\u0643\u0632\u0633\ud83d\ude98\n\u0627\u0648 \u0634\u064a\u0643 \u0635\u0631\u0641\ud83d\udcdd \u0628\u0623\u0633\u0645\u0643\u2026"
        },
        {
            "attachments": {},
            "author_id": "1037044744688414720",
            "created_at": "2022-10-02T19:52:22.000Z",
            "edit_history_tweet_ids": [
                "1576661386167349248"
            ],
            "entities": {
                "mentions": [
                    {
                        "start": 0,
                        "end": 16,
                        "username": "TaldoGuilhermol",
                        "id": "1474887630923997188"
                    },
                    {
                        "start": 17,
                        "end": 26,
                        "username": "paliobot",
                        "id": "1526710339676545029"
                    }
                ]
            },
            "id": "1576661386167349248",
            "in_reply_to_user_id": "1474887630923997188",
            "lang": "pt",
            "possibly_sensitive": false,
            "public_metrics": {
                "retweet_count": 0,
                "reply_count": 0,
                "like_count": 0,
                "quote_count": 0
            },
            "referenced_tweets": [
                {
                    "type": "replied_to",
                    "id": "1576660071710265344"
                }
            ],
            "source": "Twitter for iPhone",
            "text": "@TaldoGuilhermol @paliobot nunca paguei app nenhum osh, vai dormir cara ce deve ta cansado de ca\u00e7ar motivo idiota p cancelar usu\u00e1rio de iphone hora dessa em um domingo, uma boa tarde p vc, passar bem!"
        },
        {
            "attachments": {},
            "author_id": "1489700326756261891",
            "created_at": "2022-10-02T19:52:22.000Z",
            "edit_history_tweet_ids": [
                "1576661389976162304"
            ],
            "entities": {
                "mentions": [
                    {
                        "start": 3,
                        "end": 9,
                        "username": "1G__h",
                        "id": "1497715065922981892"
                    }
                ]
            },
            "id": "1576661389976162304",
            "lang": "ar",
            "possibly_sensitive": false,
            "public_metrics": {
                "retweet_count": 169,
                "reply_count": 0,
                "like_count": 0,
                "quote_count": 0
            },
            "referenced_tweets": [
                {
                    "type": "retweeted",
                    "id": "1576655018505424896"
                }
            ],
            "source": "Twitter for Android",
            "text": "RT @1G__h: \u0627\u0644\u0644\u064a \u0645\u0627 \u0642\u062f \u0641\u0627\u0632 \u0647\u0630\u064a  10,000 \u0622\u0644\u0627\u0641 \u0631\u064a\u0627\u0644 \u0627\u062e\u0631\u064a\u064a\u0646 \u0648 \u0648 Apple iPhone 14  \ud83d\udcf1\ud83d\udcb8\ud83d\udcb0 \u2705\n \n\u0628\u0633 \u062a\u0627\u0628\u0639\u0646\u064a + \u0631\u064a\u062a\u0648\u064a\u062a \u0648\u0644\u0627\u064a\u0643 \u0648\u0627\u0643\u062a\u0628 \u062a\u0645 \ud83d\udc4d\u2764\ufe0f"
        },
        {
            "attachments": {},
            "author_id": "1575913654880534528",
            "created_at": "2022-10-02T19:52:24.000Z",
            "edit_history_tweet_ids": [
                "1576661396036931585"
            ],
            "entities": {
                "mentions": [
                    {
                        "start": 0,
                        "end": 6,
                        "username": "1G__h",
                        "id": "1497715065922981892"
                    }
                ]
            },
            "id": "1576661396036931585",
            "in_reply_to_user_id": "1497715065922981892",
            "lang": "ar",
            "possibly_sensitive": false,
            "public_metrics": {
                "retweet_count": 0,
                "reply_count": 0,
                "like_count": 0,
                "quote_count": 0
            },
            "referenced_tweets": [
                {
                    "type": "replied_to",
                    "id": "1576655018505424896"
                }
            ],
            "source": "Twitter for Android",
            "text": "@1G__h \u062a\u0645"
        }
    ]
}